,Loan Title
Bathroom,20
Bill Consolidation,20
Bill Payoff,19
Business,300
CC,9
CC Consolidation,22
CC Loan,17
CC Refi,15
CC Refinance,23
CC consolidation,24
CC-Refinance,16
CONSOLIDATE,17
CONSOLIDATION,16
Car Loan,13
Car financing,230
Card Consolidation,24
Cards,28
Consolidate,87
Consolidated,16
Consolidation,171
Consolidation Loan,77
Credit,6
Credit Card,46
Credit Card Consolidation,106
Credit Card Debt,68
Credit Card Loan,46
Credit Card Paydown,11
Credit Card Payoff,54
Credit Card Refi,20
Credit Card Refinance,62
Credit Card Refinance Loan,7
Credit Card consolidation,18
Credit Cards,48
Credit Consolidation,40
Credit Loan,13
Credit card pay off,17
Credit card payoff,51
Credit card refinance,38
Credit card refinancing,42084
Credit payoff,21
DEBT CONSOLIDATION,63
Debt,43
Debt Consolidation,4688
Debt Consolidation 2013,9
Debt Consolidation Loan,110
Debt Free,31
Debt Loan,31
Debt Payoff,27
Debt Reduction,18
Debt consolidation,37100
Debt payoff,16
Dept consolidation,17
Freedom,64
Get Debt Free,20
Getting Ahead,7
Green loan,63
Home,15
Home Improvement,94
Home Improvement Loan,22
Home buying,152
Home improvement,3293
Home loan,9
House,23
Lending Club,40
Lending loan,19
Loan,47
Loan 1,33
Loan Consolidation,12
MYLOAN,19
Major purchase,746
Medical,15
Medical expenses,379
Medical loan,15
Moving and relocation,253
My Loan,43
Other,3561
Pay Off,23
Payoff,46
Personal,46
Personal Loan,115
Personal loan,8
Pool,25
Refinance,43
Refinance Loan,20
Vacation,190
Wedding Loan,10
bills,8
cards,15
conso,14
consolidate,61
consolidation,78
consolidation loan,47
credit card,34
credit card consolidation,19
credit card refinance,28
credit pay off,10
debt,35
debt consolidation,174
debt consolidation loan,32
debt loan,26
get out of debt,16
home improvement,23
loan1,19
pay off bills,14
payoff,68
personal,48
refi,38
relief,12
vacation,14
